num,title
1,jddhjsk - 简书
2,dhjskmanbzoi_蒋悦的土豆地_新浪博客
3,khdhjsk的下厨房个人主页_下厨房
4,"【多图】dhjskskddjdkkdldd, 海德公园二手房, 2室2厅1卫, 175万元..."
5,主播:1sre577712dhjsk338hi_1sre577712dhjsk338hi的电..._喜马拉雅
6,"hjkdhjsk 系统热键注册,很不错的易语言源码 联合开发网 - pudn.com"
7,奔腾B70 2015款 1.8T 自动精英型怎么样_优缺点_dhjsksskk_口碑_...
8,Dhjskll的微博_微博
9,"找个能看小片的网站,要真心能用的,哪位大神给发个84533..._百度知道"
10,中华V7 2018款 280T DCT尊贵型 5座怎么样_优缺点_Shdhjsk_口碑_...
11,供应规划模型-广州市利美模型设计有限公司 -慧聪网
12,梦见金凤凰飞到屋里墙上_百度知道
13,考人大好还是外交学院好?_百度知道
14,dhdusksnjsk? - 知乎
15,dhdusksnjsk? - 知乎
16,ap独角兽jsk【多图】_价格_图片- 天猫精选
17,JSK4260-050电源板主开关电源电路原理分析_广电电器网
18,丧尸的屁股 (豆瓣)
19,真心不知道是要考MPACC好还是金融专硕好了!_对外经济贸..._考研论坛
20,【160116】【出】DB十字架/红舞鞋/四月菲芳/鸢尾浮世绘/DH猴咩_...
21,jsk连衣裙 lolita【多图】_价格_图片- 天猫精选
22,湖南网度科技有限公司-百度企业信用
23,www.cis.upenn.edu/~cis556/f15/hw4/hw4.pdf.enc.asc
24,【DH2080等离子喷涂设备】价格_厂家_图片 -Hc360慧聪网
25,All Nippon DH8D (JA858A) 照片 ✈ FlightAware
26,邮件地址的格式是怎样的? - 爱问知识人
27,大晶呀呀呀喜欢的音乐 - 歌单 - 网易云音乐
28,比特币地址1JskwmdatgcagjAoAXnKcwd8ukk9kbupKu
29,【工控电气自动化技术工程师招聘|工控电气自动化技术工程..._赶集网
30,2015年昆明冶金高等专科学校中德合作办学电气自动化技术昆明冶金...
31,baby背带jsk【多图】_价格_图片- 天猫精选
32,【160221】【出】草莓罐JSK(福袋)/猴咩塞壬二重奏/草叔..._百度贴吧
33,风铃草jsk【多图】_价格_图片- 天猫精选
34,丧尸的屁股 (豆瓣)
35,"十二套年套,90SS武器罐子开了把双剑【dnf影舞者吧】_百度贴吧"
36,【图片】来看看起源版本一些你意想不到的职业【dnf男武..._百度贴吧
37,...Owner) ✈ 2018年 09月 09日 ✈ ITM / RJOO - AXT / RJSK ...
38,现货jsk【多图】_价格_图片- 天猫精选
39,对外经贸大学考研难度_对外经济贸易大学_考研论坛(kaoyan.com)
40,跳舞的线及相似曲(西班牙语已更) - 歌单 - 网易云音乐
41,"跪求,不是狗是爱人这本小说_百度知道"
42,摩尔庄园的肥肥鱼尾猪怎么拿?_百度知道
43,炮姐的日常歌单系列!ACG 动漫 日语 女声 - 歌单 - 网易云音乐
44,"亲们谁有,不是狗是爱人这本小说给我发一下_百度知道"
45,半山老猫喜欢的音乐 - 歌单 - 网易云音乐
46,电子- 歌单 - 网易云音乐
47,互￡语 - 歌单 - 网易云音乐
48,【去红馆听一场会泪流满面的粤语盛宴】 - 歌单 - 网易云音乐
49,【高校2D动画讲师招聘|高校2D动画讲师招聘网|2018年近期..._赶集网
50,2015年昆明冶金高等专科学校中德合作办学电气自动化技术昆明冶金...
51,【网上赚钱】正规安全的手机赚钱方式dhjsk6783赚dhjsk6783赚dhjsk...
52,在家致富之路dhjsk6783 zhangqi526371713 dhjsk6783 zhangqi...
53,【官方唯一赚钱通道】598597460赚jnue5607赚dhjsk6783赚xln9969-...
54,..._activity.gif?ts=1417416275796&jsk=9dcf4nljcjpiu7ic&uid=...
55,zsujsk的微博_微博
56,*天下彩天空彩票与你同行手机报*_天 下彩天空彩票与你同行手机报 ...
57,【官方唯一赚钱通道】ushsdi赚cbfd4738赚dhjsk6783赚gyuo99-国内...
58,【78123.com】>>>*欢迎阁下莅临*78123. com:_*喜 彩网*>>>
59,JSK-5 电子计时器 |上海双旭电子有限公司 厂家 价格
60,"东莞市东汉净水科技有限公司 环保,净水器,纯水机,过滤器,滤芯,..."
61,"佛山市万代湖净水科技设备有限公司 家居用品,其他家居用品家居..."
62,时时彩独胆计划在线
63,肇庆靠谱电磁热水器有哪些_派阳电器
64,全球捕鱼内购破解版下载
65,"专柜昆明温泉门票正品排行榜,昆明温泉门票推荐,昆明安宁温泉哪家..."
66,*惠泽传真一句中特*_惠 泽传真一句中特 - 【6合 机密】》》》
67,*xghc特码46*_x g h c 特码 4 6 - 【唯一平台】》》》
68,欧式电话机新款高档有线价格_欧式电话机新款高档有线多少钱 - Q友网
69,*044期假一赔十通天报*_044期 假一赔十通天报 - 【合数双】》》》
70,保罗·莫里哀—法国轻音乐大师 - 歌单 - 网易云音乐
71,中国古典乐器风韵 - 歌单 - 网易云音乐
72,欢喜。 - 歌单 - 网易云音乐
